{
    "test_accuracy": 0.8638392857142857,
    "classification_report": {
        "0": {
            "precision": 0.8714953271028038,
            "recall": 0.9841688654353562,
            "f1-score": 0.9244114002478315,
            "support": 379.0
        },
        "1": {
            "precision": 0.7,
            "recall": 0.2028985507246377,
            "f1-score": 0.3146067415730337,
            "support": 69.0
        },
        "accuracy": 0.8638392857142857,
        "macro avg": {
            "precision": 0.7857476635514018,
            "recall": 0.593533708079997,
            "f1-score": 0.6195090709104326,
            "support": 448.0
        },
        "weighted avg": {
            "precision": 0.8450819843124167,
            "recall": 0.8638392857142857,
            "f1-score": 0.8304905934430078,
            "support": 448.0
        }
    }
}